Amplitude,AndersonDarling,Autocor_length,Beyond1Std,CAR_mean,CAR_sigma,CAR_tau,Con,Eta_e,FluxPercentileRatioMid20,FluxPercentileRatioMid35,FluxPercentileRatioMid50,FluxPercentileRatioMid65,FluxPercentileRatioMid80,Freq1_harmonics_amplitude_0,Freq1_harmonics_amplitude_1,Freq1_harmonics_amplitude_2,Freq1_harmonics_amplitude_3,Freq1_harmonics_rel_phase_0,Freq1_harmonics_rel_phase_1,Freq1_harmonics_rel_phase_2,Freq1_harmonics_rel_phase_3,Freq2_harmonics_amplitude_0,Freq2_harmonics_amplitude_1,Freq2_harmonics_amplitude_2,Freq2_harmonics_amplitude_3,Freq2_harmonics_rel_phase_0,Freq2_harmonics_rel_phase_1,Freq2_harmonics_rel_phase_2,Freq2_harmonics_rel_phase_3,Freq3_harmonics_amplitude_0,Freq3_harmonics_amplitude_1,Freq3_harmonics_amplitude_2,Freq3_harmonics_amplitude_3,Freq3_harmonics_rel_phase_0,Freq3_harmonics_rel_phase_1,Freq3_harmonics_rel_phase_2,Freq3_harmonics_rel_phase_3,Gskew,LinearTrend,MaxSlope,Mean,Meanvariance,MedianAbsDev,MedianBRP,PairSlopeTrend,PercentAmplitude,PercentDifferenceFluxPercentile,PeriodLS,Period_fit,Psi_CS,Psi_eta,Q31,Rcs,Skew,SlottedA_length,SmallKurtosis,Std,StetsonK,StetsonK_AC,StructureFunction_index_21,StructureFunction_index_31,StructureFunction_index_32,target
4.251193,0.3352108345725104,1.0,0.2698412698412698,0.5859589345848173,-8.281094210360607e-08,0.5945364087361548,0.0,267.73330114925704,0.12384408251884259,0.26151434268992485,0.3950977626155583,0.4478325037870065,0.6825329795914693,1.546170551993637,0.20683230758487373,0.3395962387440924,0.7746319223497761,0.0,-1.552541325353331,0.3927013285513342,-0.6802758294585608,1.5197449712084172,0.41494808459154,0.12777760399345614,0.6254545954405341,0.0,0.6871452664689366,1.7961301193036125,0.37119234764841985,1.2186168724624864,0.41082593104034604,0.202623187830043,0.4871140703961402,0.0,2.3412094028058568,2.128343347692055,0.7295920879096411,1.0770914999999999,2.121367830910509e-05,8.638521282160127,0.3483739206349207,6.6200078547709715,1.540478,0.4444444444444444,0.03333333333333333,19.45621883603791,20.857309971199104,0.2690347304177753,1.0,0.2280149936581304,1.6862518275551552,2.9561915,0.10067858223796065,0.32915339871317445,1.0,1.2013575294986163,2.306238091000534,0.7824492805198877,0.7391545893255068,1.2157650376538285,1.3625176209329237,1.3101155380631415,53.0
3.7063524999999995,0.7312208237738634,1.0,0.2698412698412698,-0.2515513645155868,-1.9012081153846339e-07,0.59531121802788,0.0,288.38189200482867,0.1300505355446419,0.2693088146685678,0.41679148762850665,0.5422571608382172,0.8604043809625609,1.6509237894662099,0.6505269132884054,0.5680688642322312,0.1606349490538939,0.0,-0.7912317150361099,-2.345135652174934,-1.5246281885644841,1.2568783196768216,0.05916006265720077,0.5272557968795533,0.524063951993427,0.0,0.7296634613299349,-0.183797705132146,0.5111640552082887,1.0106662323514786,0.4134798923879827,0.6143374683598389,0.2668471024974451,0.0,0.8234308682687179,1.2101552419925081,0.10795455466243085,-0.9939175,-0.00016715622748954465,9.120574461714547,-0.14975134920634922,-14.006237584002008,1.305509,0.47619047619047616,0.1,-113.87677350327952,-99.51557581678065,0.730054259310089,0.9999999999816532,0.2099013107271024,1.3430585865409643,2.4810084999999997,0.10405583402503851,-0.19816180297752917,1.0,1.5906284087845632,2.0974529755089777,0.7951127207406409,0.6245724195096871,1.6936754096115538,2.2433513332769164,1.380987819349723,64.0
10.418507,1.0,2.0,0.1111111111111111,0.018822650602900698,1.2288193257790216,61.4204571898813,0.0,55.935705756190636,0.11145482404080564,0.20142351016794652,0.36922592485218547,0.5329891732775862,0.6466836551949344,6.357471321470725,3.145963010882539,0.5998014375858665,1.8946802124352373,0.0,-1.405102724665547,0.5285038224472296,-1.943283373508134,5.578426566634229,2.124188883734046,3.446664108514068,0.06896256693861083,0.0,0.27378185181239223,1.2485817918325222,1.5602983258828667,3.5639239632828597,0.38532811619775276,1.233636938410057,1.7083051540577023,0.0,-0.719853045470247,0.9874949987244621,1.1592632022990048,20.098211,-0.0016839054416661434,8.767129582846398,1.1560958055555557,4.382166693427721,1.7691105,0.6805555555555556,0.03333333333333333,-81.0321544974737,-38.88904856361253,0.2496585732767708,1.0,0.19975817846605828,1.2079780178884956,4.440944,0.2146550543957747,2.9905055003952143,2.0,12.945516308592747,5.066204533517047,0.6774100020129464,0.5061072543555322,2.031134972421365,3.0044499664785214,1.4913495247485018,991.0
4.898978,0.9998257330857048,1.0,0.24285714285714285,2.392517561221208,6.410737225127621,0.05825264302655016,0.0,221.21681269613094,0.09886727413408491,0.21278059951021033,0.32902279127375045,0.48611443954034333,0.7221998603481575,1.6548453018615434,0.7728527339827231,0.9319169736751657,0.7176202838976967,0.0,-0.30931646552545655,-1.3003237610193672,0.6456443359647337,1.227417885686625,0.262414468143183,0.30130593791904625,0.198206300632599,0.0,-0.13302585349682783,-1.2945564134349494,-1.2306617713004913,0.9719591205562711,0.2053365985697061,0.23921040536690838,0.32449560739895045,0.0,-0.0926439455649346,0.7679128663380186,1.0491985019432846,-3.9897090000000004,-0.001305710275399825,9.287941354266255,0.1393704714285714,16.675754635336713,1.2926635,0.38571428571428573,0.1,16.259697030231887,17.364719666549203,3.6752085752568244,1.0,0.19384818695793332,1.3590023639044795,2.5582047500000002,0.161208835237819,-0.96714383957757,1.0,1.3005234997950428,2.3241077849540623,0.7531719408247484,0.5399359844407283,1.3863654555624552,1.6369374410210746,1.3380275750143393,53.0
191.71380399999998,1.0,4.0,0.1,0.8458310924814633,18.27618942299174,38.582110462642206,0.04411764705882353,2.867647164640384,0.005744056251923759,0.010182899103642713,0.02447365697513052,0.03764919444655428,0.5002028491715519,122.46337458113786,78.19402774258567,20.486823152148524,59.7440409142274,0.0,0.20439278611955902,1.68015261039781,1.6264010532352464,70.60800066691496,41.35115518638264,47.3720151076436,5.501064745472723,0.0,0.953207730466926,0.6931203384772242,1.5906545076562189,732.4474872249552,204.2743322853699,108.94526821416626,78.76838960357192,0.0,-0.3277236577134176,-0.6423167682587536,-0.9299049948152167,400.84685999999994,0.09804396710928956,56.406969910487945,32.63394864285715,2.9235674223646,2.4212965000000004,0.9,0.1,432.81263985425454,351.4581565971603,0.25016848569604566,1.3349381170590924e-05,0.28038664283901815,0.5115043902871962,8.037495750000001,0.2851361974657547,3.0917897722496495,7.0,9.458542409596966,95.40754911537661,0.4867620090684973,0.669549878231477,2.1753449590755074,3.367652698487382,1.6123144315004718,6.0
18.3427945,1.0,5.0,0.1111111111111111,-0.12001785899081487,0.9175190955131959,62.80033932631725,0.04918032786885246,18.338596768268786,0.05446346508409752,0.10346636035114876,0.17227318099327732,0.321470801043837,0.5917799490503511,272.0546736650402,71.27847275986875,34.28966440936504,21.596530383268636,0.0,-0.4416782844413528,-0.883121667479611,-1.3240520528487294,40.03818214973763,27.5862676170812,16.780812018946047,26.303980588433493,0.0,3.008884421777754,1.2236903463185205,2.8768914167303903,110.63333009491028,47.8861002196823,53.66393875400768,28.468598737906895,0.0,-1.35101639203014,0.5285677225744703,-1.0772433814326712,29.157967,-0.02354813331155234,8.19616785750985,-7.537162269841269,-1.2511766141980354,3.1213110000000004,0.7142857142857143,-0.03333333333333333,-3.361375687159909,-3.4461816879424645,7978.762999999963,0.0,0.3379604324705897,0.2885863048533728,5.8546505,0.3379604324705897,2.1028439178809677,5.0,4.363638535517713,9.430321169441179,0.7003071970746128,0.673150615991271,1.5579767761963415,1.8926675762442504,1.2211653826738593,6.0
327.2544695,1.0,11.0,0.19444444444444445,0.2645977032228388,15.693321188922047,528.9552880267167,0.05714285714285714,0.43010435753341714,0.016736396188406395,0.08251063634630124,0.35965268026403335,0.848991338853489,0.9529352396744837,387.900308550247,227.681190977621,157.46325755183085,160.99708412977637,0.0,-0.9653113875494915,-0.06286570807246024,-0.0635067850422049,484.24138008019185,267.9991674201846,105.36447467521009,217.43961481245884,0.0,-1.258311872617499,-0.3529425127900044,-0.5358948936751173,542.6822125909893,300.8799366227048,143.8786503283199,188.75295266147575,0.0,-1.1086042012124766,-0.6219335109598474,-0.33197710158252647,620.477082,0.5917778558816822,43.68312224909393,139.96035431944443,1.6558535276592077,14.321773499999999,0.7083333333333334,0.03333333333333333,83.16341380586158,81.37553214658041,1.0005038053649409,0.0,0.23698025806745493,0.2950060115986692,220.46781975,0.4140156814392461,1.3279186802907936,21.0,0.21264016051457668,231.7538464322847,0.8143129298729335,0.7933303219356078,1.2352953301830798,1.3875872479019924,1.1507744160788045,991.0
4.1823815,0.9991719718067208,1.0,0.25,0.14502278634278698,5.451802849165688e-07,0.5906247137205608,0.0,260.45407692075827,0.10847615069495803,0.23512981364317437,0.36171112584354914,0.47350529409735925,0.7769702357913936,1.3786820777861926,0.20188498706218114,0.5323514133070038,0.07468762647577289,0.0,0.027624775223678677,0.7400844315823616,0.9768078738266681,1.1788691600378156,0.39740398338953703,0.03919530842441745,0.19954694261682637,0.0,0.6565472903942293,0.1252494524763843,-0.27306896017949733,1.1532549019112466,0.17128217379841165,0.39536622624556605,0.4710540741975298,0.0,-0.6687212329564396,-1.9775954481571636,-0.2337823524497703,-2.500164,9.956760296865059e-05,9.18115264797422,0.08565404166666661,25.1759134789727,1.0550450000000002,0.6388888888888888,-0.1,72.21232039665497,56.94735417866932,0.6564276560398726,1.0,0.1644224293229368,2.027516769707763,2.22254075,0.13400245751665346,-0.6074978989701451,1.0,3.4082952209055692,2.156418742124321,0.7214745039216279,0.7457163181128242,1.8486343249635233,2.6319544744042243,1.5689106232975052,994.0
77.596997,0.9999999999999998,1.0,0.1,0.13901676948510297,8.253368088054586,157.43894505963686,0.0,19.122878512814037,0.0347470625666775,0.07313095354994167,0.09751236442814266,0.13988328035215308,0.33919764354056686,391.754797451415,109.02695818617987,57.697353282243746,41.776372909051446,0.0,0.14933012719733862,0.37028114696025227,0.7546421137403685,1207.035767844704,332.47638090196295,174.37854935663486,124.34626619424185,0.0,0.1611868266758023,0.3239468521200546,0.5128888335419742,3603.8630831632327,994.437623872366,522.1147098622492,371.64345284651705,0.0,0.16136608057768997,0.3451356665149141,0.5957172263356761,185.71949599999996,0.006391836909943707,18.213142341994324,21.88665353333333,1.921227096932697,10.371108000000001,0.8666666666666667,-0.1,20.10032864945451,21.52439046101876,0.9973810246236356,1.0,0.19637233913882107,1.527789583058582,21.87967375,0.283883768847774,3.466776867438113,1.0,17.05627296577823,42.04923182941775,0.5938803464177911,0.6368469752123651,1.9595809937111535,2.858296119151542,1.4739908780665847,991.0
43.3592065,1.0,4.0,0.06944444444444445,0.08897657655290199,3.5440562732621324,66.91606197695322,0.04285714285714286,3.5438471167692835,0.02232954394131685,0.03667636878033741,0.052788522371031495,0.0631461542179511,0.17011807547178498,24.205189307156033,16.64115987596289,4.51964527719199,4.686010932470441,0.0,0.8712421461433415,2.689724622551096,0.3182062020045051,14.108659504129722,4.3477717643577245,4.216896831416159,2.1764992816423154,0.0,0.7719100652206728,0.20547360941172998,-1.3994603984695284,8.587320121658886,3.0772977368428953,3.3073581594430497,5.383135089795392,0.0,2.0888076719142465,0.44656206550193045,1.0700775540164944,78.955373,-0.002887036012195226,7.894900960361811,5.953962111111112,3.524336201914755,2.1116625,0.9027777777777778,0.1,-1630.27363156329,-1583.334746392979,28.320484641638327,0.0010792283660792101,0.2509053054835376,0.48652470382045243,4.42855325,0.26097555062860395,3.2684247602380396,5.0,10.130035876769966,20.983764213017693,0.4698875109899732,0.5999464331506879,2.251126579793381,3.5692630961715324,1.6053269742832343,991.0
107.43893700000001,1.0,13.0,0.3,0.1529362280043516,3.981161752391194,460.0944346236962,0.0,0.39737018253377965,0.4892004712936431,0.5603981404432504,0.7507771582342693,0.8508317691886316,0.9506587203634796,139.41342919212303,98.76551756156496,90.18660009351919,98.98495221750389,0.0,0.8758782116322058,1.0723837544303088,2.3555149024423265,210.63384637845854,227.683062394745,191.87021269859574,162.56371736129958,0.0,0.5380099174974404,-0.6384899474369709,2.0012408175721177,430.7400493270688,321.015078386353,280.7000932661323,317.25044796577106,0.0,0.896045558693482,1.0785751449147638,2.322311352041943,199.515234,0.22134643445763455,13.63064778548459,70.36510735714285,1.1767888498460386,7.6764090000000005,0.5428571428571428,-0.23333333333333334,51.97108006706922,52.17033400513492,0.9977921668485547,0.0,0.2596487660644825,0.2056480304060861,156.945356,0.46254252834366094,0.5341859787193324,51.0,-1.3936284537169743,82.80487375610515,0.926022344886426,0.7304226120432082,1.6130195703160444,2.1428297263983507,1.3404617782806507,6.0
5.231938,0.4125223284424196,1.0,0.2698412698412698,3.7889799566241606,-5.528552595517169,0.05495990230560738,0.0,283.6647702630758,0.15374813803127207,0.2920293904894397,0.39296081698451824,0.4881793670049539,0.6889426968782723,1.8154338493735298,0.5890720186765186,0.13357440525136222,0.5355414698877775,0.0,-0.5235236843734591,-0.7247656686788957,-1.3333243207682617,1.6092573295398944,0.5672069804685507,0.34718129244251317,0.5248920273900743,0.0,-1.6055836128126801,-2.143567053854262,-1.5503142290440481,1.6629616562170475,0.21729686103152066,0.7494152337466167,0.5341748694248684,0.0,2.3349782752557227,1.3912009281675746,0.20040279211349898,-0.4979214999999999,-0.0004491604884276859,14.454190638469996,0.20824196825396835,13.617326168141766,1.8339,0.4444444444444444,-0.03333333333333333,40.538486465371065,40.91338991627973,2.8485408782577517,1.0,0.1867211968717888,2.0046943485891116,3.6203095000000003,0.16103952853036885,-0.11749896622873886,1.0,1.241985740917758,2.83569880361011,0.8077063449437349,0.6680603251034117,1.6096723727595788,2.257035040035037,1.5983194261469824,16.0
7.225866749999999,0.9996166916405202,9.0,0.42857142857142855,0.005368246348011853,0.21166977461515712,1214.0934768073134,0.0,77.22715010431844,0.2179822443225843,0.3888832457702908,0.6269250156801994,0.6874600950899139,0.8517280058787364,4.972134452411305,2.127045959515104,4.29154537049297,2.4011303281307397,0.0,0.6465082005037731,0.16952921614627559,1.4359418060353502,5.395163157844918,3.843813255774232,2.099021997421603,2.8621542301950322,0.0,-0.8952567336373227,-2.204240421495858,-2.392046032752761,4.033128663165929,3.2689289549385383,1.1330308440788432,2.8869150216343575,0.0,-0.7352927618242207,-1.4123740569076537,0.6275644832766973,0.5659390000000002,0.013841670058959124,8.249012866904637,6.517552873015874,0.7021914153073637,4.356015,0.1746031746031746,0.1,1.247755823811726,2.1780127653006716,0.9979691056910522,0.0,0.21962888633645453,0.6862203154568384,8.5972185,0.39839538647524647,0.1415853042502292,7.0,-1.1825957120004067,4.576569676243591,0.8309863097402429,0.835130595106742,1.6403220235337186,2.1846905218197445,1.3359830681876605,6.0
3.508722,0.20004729578552718,1.0,0.3333333333333333,-0.07706489994468126,-3.8263829083007295e-07,0.5945857903836402,0.0,185.70476625592738,0.16603784094037258,0.2813339827399235,0.41870092056903563,0.578426021434396,0.6969350732655802,1.3174375308806647,0.11228657858319704,0.18630418413475347,0.27943180078016183,0.0,-0.747218701505624,-1.7750782368372904,-2.67994745312646,1.265149688076116,0.13894139276840609,0.3581018909594136,0.026489481601459055,0.0,-0.4371400556476271,-1.7840843854165633,0.5215710800710436,1.075074710847421,0.19968105036255107,0.33113461898191926,0.24283368833687588,0.0,-0.7820499472480247,-0.9601008117390311,-0.5628703504732975,0.3319319999999999,-0.0002949612086333915,6.800877962200156,-0.04582169444444446,-42.30693785200554,1.4572315,0.375,0.23333333333333334,-48.14739505120608,-58.94175899995941,0.2852836458073927,1.0,0.18115935854677956,1.5031729813141883,2.74289725,0.09544885146164483,-0.09538355385782876,1.0,-0.11515952689825415,1.9385755791346992,0.8116730310310887,0.580829092371506,1.49161208556375,1.9054408035263288,1.4021658510509762,994.0
191.71380399999998,1.0,4.0,0.1,0.8458310924814633,18.27618942299174,38.582110462642206,0.04411764705882353,2.867647164640384,0.005744056251923759,0.010182899103642713,0.02447365697513052,0.03764919444655428,0.5002028491715519,122.46337458113786,78.19402774258567,20.486823152148524,59.7440409142274,0.0,0.20439278611955902,1.68015261039781,1.6264010532352464,70.60800066691496,41.35115518638264,47.3720151076436,5.501064745472723,0.0,0.953207730466926,0.6931203384772242,1.5906545076562189,732.4474872249552,204.2743322853699,108.94526821416626,78.76838960357192,0.0,-0.3277236577134176,-0.6423167682587536,-0.9299049948152167,400.84685999999994,0.09804396710928956,56.406969910487945,32.63394864285715,2.9235674223646,2.4212965000000004,0.9,0.1,432.81263985425454,351.4581565971603,0.25016848569604566,1.3349381170590924e-05,0.28038664283901815,0.5115043902871962,8.037495750000001,0.2851361974657547,3.0917897722496495,7.0,9.458542409596966,95.40754911537661,0.4867620090684973,0.669549878231477,2.1753449590755074,3.367652698487382,1.6123144315004718,6.0
8.21964,0.9999999999260061,2.0,0.13333333333333333,0.05439317186679525,0.8302554639959757,37.77758609785594,0.03571428571428571,97.09558744294104,0.07919145761267071,0.10459810948768897,0.16230026470083528,0.2144245636734749,0.7580024042209305,6.481796923195574,2.991787089028188,1.6729441693387122,1.1441197350662782,0.0,1.834150019224508,2.5288057463776314,2.698546317307328,4.372137644393093,2.26364901529738,1.6433424240440455,0.7777547113649281,0.0,0.17795462091600545,0.5134557431320024,2.330707193753949,3.0762263024668535,0.5131541562625637,0.32923090690388496,0.5352103941910233,0.0,-2.42247941053009,-2.2451990431044377,-1.6167755384778013,10.325596,0.003885221955345298,3.5896171636624032,2.054842733333333,1.9978454945953488,1.341745,0.5666666666666667,0.23333333333333334,12.725028438965133,15.43131545732883,0.966695848885865,0.5358906260536137,0.21445833955059931,1.3389987958079472,2.3554580000000005,0.28393177349433807,1.957809569471016,3.0,4.9106247223640835,4.105258296891991,0.6900278640387465,0.6111548950232966,1.5479258232345343,1.873079102162659,1.2435223707256764,6.0
327.2544695,1.0,11.0,0.19444444444444445,0.2645977032228388,15.693321188922047,528.9552880267167,0.05714285714285714,0.43010435753341714,0.016736396188406395,0.08251063634630124,0.35965268026403335,0.848991338853489,0.9529352396744837,387.900308550247,227.681190977621,157.46325755183085,160.99708412977637,0.0,-0.9653113875494915,-0.06286570807246024,-0.0635067850422049,484.24138008019185,267.9991674201846,105.36447467521009,217.43961481245884,0.0,-1.258311872617499,-0.3529425127900044,-0.5358948936751173,542.6822125909893,300.8799366227048,143.8786503283199,188.75295266147575,0.0,-1.1086042012124766,-0.6219335109598474,-0.33197710158252647,620.477082,0.5917778558816822,43.68312224909393,139.96035431944443,1.6558535276592077,14.321773499999999,0.7083333333333334,0.03333333333333333,83.16341380586158,81.37553214658041,1.0005038053649409,0.0,0.23698025806745493,0.2950060115986692,220.46781975,0.4140156814392461,1.3279186802907936,21.0,0.21264016051457668,231.7538464322847,0.8143129298729335,0.7933303219356078,1.2352953301830798,1.3875872479019924,1.1507744160788045,991.0
3.65590175,0.6845610881140359,1.0,0.2638888888888889,0.828991727941998,-6.07410406416875e-08,0.5950957718805355,0.0,216.24176319606752,0.1692510437822878,0.25019752082688,0.34717302949275025,0.4324921955280629,0.6313811164939838,1.0729517031834028,0.15126059008169296,0.2767422587742265,0.7118294485313219,0.0,-1.3446346107277505,0.8116490544770382,-1.2897033635044026,0.9657366007007933,0.08354792460720459,0.22799816508121235,0.1786340287376118,0.0,-1.4880233109936851,-1.2257905298235903,-1.784728963694698,0.8193576056841999,0.416229561228616,0.13472787774794343,0.13830658601231538,0.0,-0.014091451791395482,2.099119847253566,1.0949536294178142,0.23036500000000043,0.00024413805077218626,6.357957138578804,0.49332947222222223,3.509875765587298,1.100838,0.4305555555555556,-0.16666666666666666,20.28857227225749,29.566777092868744,0.2698468216845577,1.0,0.16657907068354283,1.9115081401426968,2.193549,0.1128343967863244,-0.05695998558402218,1.0,0.364818311901395,1.73152515900275,0.8368857486643747,0.5879530287060273,1.9204494318727607,2.8345221807349295,1.5461053019510604,53.0
5.824232500000001,0.6411272340078867,1.0,0.3333333333333333,1.7583483456735591,-3.1692979973740876e-07,0.5951962074191658,0.0,736.2326510494782,0.1510921100768336,0.2953391444263853,0.39795497815121006,0.5618980419084625,0.9023484360870963,2.9748467575657798,1.3606589830204598,0.6967889954901858,0.5257157131921224,0.0,0.39703193850801116,0.43857903134405934,-0.5574979114680575,2.497327835663812,0.6503813687314991,0.46933306738092756,1.9222393091321648,0.0,0.7733873272016695,0.8659465939978069,1.0913901619730515,2.2557057453731932,1.2483848190704698,0.5403298112318135,0.1373590969867083,0.0,-2.4608103302205464,-0.36752082017832655,-0.9450325831949657,1.0403050000000005,0.005503864046760626,9.98393135569645,1.0465622666666667,3.1543713277301673,2.2862020000000003,0.3,-0.03333333333333333,6.680185015534136,10.88215366844579,0.7604375834148885,1.0,0.22702441261393785,1.1089598346298528,4.41635725,0.22113086347633387,0.39143492344483155,1.0,-0.27869610940787615,3.301246006657627,0.8145491557846214,0.7535510077040942,1.6403144498629254,2.134766684533752,1.3082463800166644,991.0
4.898978,0.9998257330857048,1.0,0.24285714285714285,2.392517561221208,6.410737225127621,0.05825264302655016,0.0,221.21681269613094,0.09886727413408491,0.21278059951021033,0.32902279127375045,0.48611443954034333,0.7221998603481575,1.6548453018615434,0.7728527339827231,0.9319169736751657,0.7176202838976967,0.0,-0.30931646552545655,-1.3003237610193672,0.6456443359647337,1.227417885686625,0.262414468143183,0.30130593791904625,0.198206300632599,0.0,-0.13302585349682783,-1.2945564134349494,-1.2306617713004913,0.9719591205562711,0.2053365985697061,0.23921040536690838,0.32449560739895045,0.0,-0.0926439455649346,0.7679128663380186,1.0491985019432846,-3.9897090000000004,-0.001305710275399825,9.287941354266255,0.1393704714285714,16.675754635336713,1.2926635,0.38571428571428573,0.1,16.259697030231887,17.364719666549203,3.6752085752568244,1.0,0.19384818695793332,1.3590023639044795,2.5582047500000002,0.161208835237819,-0.96714383957757,1.0,1.3005234997950428,2.3241077849540623,0.7531719408247484,0.5399359844407283,1.3863654555624552,1.6369374410210746,1.3380275750143393,53.0
6.566275,0.38437142848875133,1.0,0.30158730158730157,-0.30739464516661075,-3.1692979973740876e-07,0.5951962074191658,0.0,312.357123817689,0.16407916491271693,0.316108955844689,0.45205761771836206,0.537822193092866,0.7019520052599719,3.0117086172480243,0.6540090681181464,0.21273477375711564,0.6462438179971629,0.0,-1.093872553081487,-1.8027136761343643,-0.49441922827153245,1.9076775433021806,0.7534388909683373,0.5678643719736978,0.703733267002021,0.0,-1.3850992660829515,-1.5750785440330972,-1.967435225690772,1.630662074880688,1.3837474610415086,0.5103550098423033,0.3387197262744744,0.0,-1.8686316991640792,0.9919188299726897,-0.4870020290498788,1.1478785,0.0006641210539616247,15.421826269535813,-0.18296012698412692,-19.439938573442017,2.692216,0.3333333333333333,-0.1,-39.19705438962007,-50.75145671358639,0.2815669619225734,1.0,0.18536695354336322,1.3677512942443244,5.278493,0.10229783815824232,0.011772060132141549,1.0,-0.06489185144379928,3.5567336299605787,0.8063221024481709,0.6666446436000245,1.4650780905704797,1.7264025975773505,1.2365050668099553,991.0
3.175612,0.412738456554983,1.0,0.3472222222222222,-0.6719275876525987,1.4102478473887459e-07,0.5951984370773784,0.0,282.57676075265067,0.2004139709154927,0.29734817092056787,0.4646678649182776,0.6090422463780245,0.7352331866383967,1.1529542948916172,0.3356778484951097,0.2435404355659315,0.20829827718032956,0.0,1.7937226807382038,0.9067709837642475,0.7698145245803872,0.9405614749945144,0.18978432680104101,0.18514157964117264,0.5866495205508028,0.0,0.06688965030861027,-2.4482654227491416,-1.3564908000514262,0.8767579435274818,0.37188276286176974,0.32023466878293566,0.5122178683121894,0.0,-0.003594784261686357,-0.4768817156329185,0.1390150740874978,-0.3518619999999999,-0.0005391663335366284,6.515401327694104,-0.39993024999999993,-4.1809778201458165,1.2599580000000001,0.3194444444444444,0.03333333333333333,-10.28127633249764,-14.47316510923713,0.5995160754280782,1.0,0.15395073301376896,1.516676138380247,2.516171,0.07479381936911147,-0.1466831815976726,1.0,-0.3739532475568774,1.672099504855371,0.84166296024191,0.6152082089163585,1.410211432963935,1.6248934945855007,1.3522856897113917,994.0
3.98747525,0.4555274124311878,1.0,0.3333333333333333,-0.024065265947426837,2.498706521691929e-07,0.5947922356064321,0.0,1042.506723721772,0.1441271585025747,0.2523652227472003,0.3908891023198343,0.5990860778229901,0.9033259038582571,1.9816412361162068,1.6620916935116437,0.8004045448931933,0.05941431727748836,0.0,1.7454076062496255,0.7423400543895569,0.9036041186166419,1.2763683956894845,0.29390877095985407,0.15629175724013525,0.6384455011967458,0.0,-2.158823666673115,-0.11082150487203701,0.3994052800017265,0.8519696036583415,0.17588308283461457,0.3639221847500702,0.5801213487956638,0.0,0.7053684639264137,1.4735040326865039,1.1223895703269728,-2.104744,-0.0009028090937813129,6.862078326637413,-0.014313833333333352,-158.0269618074897,1.4620025,0.36666666666666664,0.3,10.339514841974202,14.114982509011012,0.7754793575900492,1.0,0.222697599693657,1.1009354349571512,2.84937525,0.23486934111279184,-0.30732956016164736,1.0,-0.33973085929779145,2.2619715934854425,0.8480485768134002,0.7439436103428583,1.737528605000403,2.3356991380794847,1.409499300031875,53.0
4.380907499999999,0.9904805646333649,1.0,0.2777777777777778,0.342035716294749,-4.011553755844943e-07,0.5901621326698763,0.0,227.20220197028587,0.06742775809998276,0.18723869248775366,0.26338593440071495,0.4653603642552293,0.6494053773623494,1.3921288316672276,0.757122940300577,0.894324873746016,0.3485200505031682,0.0,2.5868688426042237,0.48474161366401747,0.729319603870584,1.1557379139673931,0.40260228621117883,0.17792480992779933,0.35990606403821596,0.0,-0.6086905082828022,-1.834776062307216,-0.7066717463948671,1.0613821736762383,0.35680402582692106,0.25021958642773157,0.524787022916174,0.0,-0.8480177286245443,0.5539675213236255,-0.35134753578013,-0.9324820000000005,0.00045774187018797057,7.59926566091208,0.20185652777777782,10.652455051211508,0.945355,0.5555555555555556,-0.03333333333333333,45.33841755725459,54.264616119436525,0.23067738687685188,1.0,0.14146117425109056,1.671695600442376,1.8987927500000001,0.08901368610906107,0.0775712170950814,1.0,0.9794665272266068,2.1502675889464054,0.7502163787146799,0.7451215573324697,1.4253239803254243,1.5874324009803544,1.3267463622900437,64.0
4.1823815,0.9991719718067208,1.0,0.25,0.14502278634278698,5.451802849165688e-07,0.5906247137205608,0.0,260.45407692075827,0.10847615069495803,0.23512981364317437,0.36171112584354914,0.47350529409735925,0.7769702357913936,1.3786820777861926,0.20188498706218114,0.5323514133070038,0.07468762647577289,0.0,0.027624775223678677,0.7400844315823616,0.9768078738266681,1.1788691600378156,0.39740398338953703,0.03919530842441745,0.19954694261682637,0.0,0.6565472903942293,0.1252494524763843,-0.27306896017949733,1.1532549019112466,0.17128217379841165,0.39536622624556605,0.4710540741975298,0.0,-0.6687212329564396,-1.9775954481571636,-0.2337823524497703,-2.500164,9.956760296865059e-05,9.18115264797422,0.08565404166666661,25.1759134789727,1.0550450000000002,0.6388888888888888,-0.1,72.21232039665497,56.94735417866932,0.6564276560398726,1.0,0.1644224293229368,2.027516769707763,2.22254075,0.13400245751665346,-0.6074978989701451,1.0,3.4082952209055692,2.156418742124321,0.7214745039216279,0.7457163181128242,1.8486343249635233,2.6319544744042243,1.5689106232975052,994.0
4.898978,0.9998257330857048,1.0,0.24285714285714285,2.392517561221208,6.410737225127621,0.05825264302655016,0.0,221.21681269613094,0.09886727413408491,0.21278059951021033,0.32902279127375045,0.48611443954034333,0.7221998603481575,1.6548453018615434,0.7728527339827231,0.9319169736751657,0.7176202838976967,0.0,-0.30931646552545655,-1.3003237610193672,0.6456443359647337,1.227417885686625,0.262414468143183,0.30130593791904625,0.198206300632599,0.0,-0.13302585349682783,-1.2945564134349494,-1.2306617713004913,0.9719591205562711,0.2053365985697061,0.23921040536690838,0.32449560739895045,0.0,-0.0926439455649346,0.7679128663380186,1.0491985019432846,-3.9897090000000004,-0.001305710275399825,9.287941354266255,0.1393704714285714,16.675754635336713,1.2926635,0.38571428571428573,0.1,16.259697030231887,17.364719666549203,3.6752085752568244,1.0,0.19384818695793332,1.3590023639044795,2.5582047500000002,0.161208835237819,-0.96714383957757,1.0,1.3005234997950428,2.3241077849540623,0.7531719408247484,0.5399359844407283,1.3863654555624552,1.6369374410210746,1.3380275750143393,53.0
3.9574127499999996,0.3364498983366534,1.0,0.32857142857142857,-0.016556433045489063,8.631624748289823e-09,0.5951644278043758,0.0,206.60166862934753,0.12364360527218728,0.22804142517568887,0.39411637549388695,0.537419230853201,0.7771638099237463,1.346249585808356,0.4685272318889439,0.5657364839597211,0.7129504206637852,0.0,-0.5227275103960923,-1.225892551167691,0.5448553259298657,1.6698780607260149,1.0037636439280848,0.29105970484222854,0.695742086325968,0.0,-0.7899059728134328,-1.476892136405598,-0.983225137342302,0.9907329112715789,0.5327127199114222,0.08148336535616717,0.30247750969457177,0.0,0.3787445363069635,-1.9556195642186496,-0.7162886237728431,0.6432519999999999,0.0002998394778774477,7.031423065221921,-0.009853799999999958,-220.6399322827039,1.3287754999999999,0.44285714285714284,0.03333333333333333,-69.61754517796268,-67.99807558373959,0.2607926980001911,1.0,0.14113894732089322,1.5786838591387484,2.61927525,0.15719277232661877,0.44568470057050447,1.0,1.0261329076722712,2.1741417647272985,0.794431798141112,0.6471871975508937,1.3815791147062177,1.5885156837389758,1.3049874347974297,16.0
327.2544695,1.0,11.0,0.19444444444444445,0.2645977032228388,15.693321188922047,528.9552880267167,0.05714285714285714,0.43010435753341714,0.016736396188406395,0.08251063634630124,0.35965268026403335,0.848991338853489,0.9529352396744837,387.900308550247,227.681190977621,157.46325755183085,160.99708412977637,0.0,-0.9653113875494915,-0.06286570807246024,-0.0635067850422049,484.24138008019185,267.9991674201846,105.36447467521009,217.43961481245884,0.0,-1.258311872617499,-0.3529425127900044,-0.5358948936751173,542.6822125909893,300.8799366227048,143.8786503283199,188.75295266147575,0.0,-1.1086042012124766,-0.6219335109598474,-0.33197710158252647,620.477082,0.5917778558816822,43.68312224909393,139.96035431944443,1.6558535276592077,14.321773499999999,0.7083333333333334,0.03333333333333333,83.16341380586158,81.37553214658041,1.0005038053649409,0.0,0.23698025806745493,0.2950060115986692,220.46781975,0.4140156814392461,1.3279186802907936,21.0,0.21264016051457668,231.7538464322847,0.8143129298729335,0.7933303219356078,1.2352953301830798,1.3875872479019924,1.1507744160788045,991.0
4.47970075,0.6514056518891842,1.0,0.32857142857142857,0.08765496076617912,2.3549844203501555,0.4009672826427465,0.0,229.98581066945303,0.14889967923057806,0.2905175209774203,0.3813740883325526,0.5131845611040596,0.7578298301658755,1.5503924689568824,0.3046117192873656,0.5300149637500999,0.13518957275519783,0.0,1.891082477922256,1.1861521371516974,1.8273810859738915,1.5476630077267117,0.4988879316166297,0.15974049623290942,0.5496298150785075,0.0,0.7357209648098363,-1.1951830893512816,0.9099023942033966,1.1268418588857474,0.2542776049142828,0.64953176198114,0.2836911409205652,0.0,1.253267956742342,-0.9930731602235471,0.046552975990555856,1.165045000000001,-3.4110459616987614e-05,7.830832494468322,0.0351467714285714,64.50666896936232,1.3344605,0.35714285714285715,0.03333333333333333,-19.66436357321147,-26.941092340540006,0.35645622698722246,1.0,0.18209382768317672,1.8195329444574384,2.9633504999999998,0.15280261610505713,0.18285910216336232,1.0,-0.2450383920873045,2.267201149884697,0.8200852096232266,0.680913548328085,1.4739963790757453,1.7964178887083968,1.3990799625489347,53.0
5.824232500000001,0.6411272340078867,1.0,0.3333333333333333,1.7583483456735591,-3.1692979973740876e-07,0.5951962074191658,0.0,736.2326510494782,0.1510921100768336,0.2953391444263853,0.39795497815121006,0.5618980419084625,0.9023484360870963,2.9748467575657798,1.3606589830204598,0.6967889954901858,0.5257157131921224,0.0,0.39703193850801116,0.43857903134405934,-0.5574979114680575,2.497327835663812,0.6503813687314991,0.46933306738092756,1.9222393091321648,0.0,0.7733873272016695,0.8659465939978069,1.0913901619730515,2.2557057453731932,1.2483848190704698,0.5403298112318135,0.1373590969867083,0.0,-2.4608103302205464,-0.36752082017832655,-0.9450325831949657,1.0403050000000005,0.005503864046760626,9.98393135569645,1.0465622666666667,3.1543713277301673,2.2862020000000003,0.3,-0.03333333333333333,6.680185015534136,10.88215366844579,0.7604375834148885,1.0,0.22702441261393785,1.1089598346298528,4.41635725,0.22113086347633387,0.39143492344483155,1.0,-0.27869610940787615,3.301246006657627,0.8145491557846214,0.7535510077040942,1.6403144498629254,2.134766684533752,1.3082463800166644,991.0
3.9574127499999996,0.3364498983366534,1.0,0.32857142857142857,-0.016556433045489063,8.631624748289823e-09,0.5951644278043758,0.0,206.60166862934753,0.12364360527218728,0.22804142517568887,0.39411637549388695,0.537419230853201,0.7771638099237463,1.346249585808356,0.4685272318889439,0.5657364839597211,0.7129504206637852,0.0,-0.5227275103960923,-1.225892551167691,0.5448553259298657,1.6698780607260149,1.0037636439280848,0.29105970484222854,0.695742086325968,0.0,-0.7899059728134328,-1.476892136405598,-0.983225137342302,0.9907329112715789,0.5327127199114222,0.08148336535616717,0.30247750969457177,0.0,0.3787445363069635,-1.9556195642186496,-0.7162886237728431,0.6432519999999999,0.0002998394778774477,7.031423065221921,-0.009853799999999958,-220.6399322827039,1.3287754999999999,0.44285714285714284,0.03333333333333333,-69.61754517796268,-67.99807558373959,0.2607926980001911,1.0,0.14113894732089322,1.5786838591387484,2.61927525,0.15719277232661877,0.44568470057050447,1.0,1.0261329076722712,2.1741417647272985,0.794431798141112,0.6471871975508937,1.3815791147062177,1.5885156837389758,1.3049874347974297,16.0
3.98747525,0.4555274124311878,1.0,0.3333333333333333,-0.024065265947426837,2.498706521691929e-07,0.5947922356064321,0.0,1042.506723721772,0.1441271585025747,0.2523652227472003,0.3908891023198343,0.5990860778229901,0.9033259038582571,1.9816412361162068,1.6620916935116437,0.8004045448931933,0.05941431727748836,0.0,1.7454076062496255,0.7423400543895569,0.9036041186166419,1.2763683956894845,0.29390877095985407,0.15629175724013525,0.6384455011967458,0.0,-2.158823666673115,-0.11082150487203701,0.3994052800017265,0.8519696036583415,0.17588308283461457,0.3639221847500702,0.5801213487956638,0.0,0.7053684639264137,1.4735040326865039,1.1223895703269728,-2.104744,-0.0009028090937813129,6.862078326637413,-0.014313833333333352,-158.0269618074897,1.4620025,0.36666666666666664,0.3,10.339514841974202,14.114982509011012,0.7754793575900492,1.0,0.222697599693657,1.1009354349571512,2.84937525,0.23486934111279184,-0.30732956016164736,1.0,-0.33973085929779145,2.2619715934854425,0.8480485768134002,0.7439436103428583,1.737528605000403,2.3356991380794847,1.409499300031875,53.0
